{
    "_layout": [
        4,
        4,
        4,
        4,
        2,
        2,
        2,
        2
    ],
    "canvas": {
        "_ON": [
            52,
            52,
            52,
            0.8973686131841131
        ],
        "_OFF": [
            39,
            39,
            39,
            0.9480969857670691
        ],
        "_DIS": [
            39,
            39,
            39,
            1
        ],
        "corners": [
            5,
            5,
            5,
            5
        ],
        "shadow": [
            0,
            2,
            8,
            "rgba(0,0,0,0.5)"
        ],
        "shadow_ON": [
            0,
            0,
            0,
            1
        ],
        "shadow_OFF": [
            0,
            0,
            0,
            0.3992513020833333
        ],
        "shadow_DIS": [
            0,
            0,
            0,
            1
        ],
        "stroke": [
            1,
            2,
            "rgba(250,250,250,0.39)"
        ],
        "stroke_ON": [
            212,
            195,
            255,
            1
        ],
        "stroke_OFF": [
            0,
            0,
            0,
            0
        ],
        "stroke_DIS": [
            0,
            0,
            0,
            0
        ],
        "glow": [
            0,
            0,
            20,
            "rgba(255,255,255,1)"
        ],
        "glow_ON": [
            251,
            118,
            255,
            0.3502848785465891
        ],
        "glow_OFF": [
            0,
            0,
            0,
            0
        ],
        "glow_DIS": [
            0,
            0,
            0,
            0
        ],
        "_Glow": [
            255,
            255,
            255,
            1,
            0,
            0,
            20
        ],
        "_Shadow": [
            0,
            0,
            0,
            0.5,
            0,
            2,
            8
        ],
        "_Stroke": [
            250,
            250,
            250,
            0.39,
            1,
            2
        ],
        "glowClip": "c_glowOutside",
        "shadowClip": "c_shadowOutside"
    },
    "background": {
        "_ON": [
            45,
            45,
            45,
            0.8
        ],
        "_OFF": [
            38,
            38,
            38,
            1
        ],
        "_DIS": [
            20,
            20,
            20,
            0.3
        ],
        "corners": [
            4,
            4,
            4,
            4
        ],
        "shadow": [
            0,
            4,
            12,
            "rgba(0,0,0,0.2)"
        ],
        "shadowDisabled": [
            0,
            4,
            12,
            "rgba(0,0,0,0.2)"
        ],
        "shadow_ON": [
            0,
            0,
            0,
            1
        ],
        "shadow_OFF": [
            0,
            0,
            0,
            1
        ],
        "shadow_DIS": [
            0,
            0,
            0,
            1
        ],
        "stroke": [
            1,
            0,
            "rgba(255,255,255,0.1)"
        ],
        "strokeDisabled": [
            1,
            0,
            "rgba(255,255,255,0.1)"
        ],
        "stroke_ON": [
            0,
            0,
            0,
            1
        ],
        "stroke_OFF": [
            0,
            0,
            0,
            1
        ],
        "stroke_DIS": [
            0,
            0,
            0,
            1
        ],
        "glow": [
            0,
            0,
            0,
            "rgba(255,255,255,0)"
        ],
        "glowDisabled": [
            0,
            0,
            0,
            "rgba(255,255,255,0)"
        ],
        "glow_ON": [
            0,
            0,
            0,
            1
        ],
        "glow_OFF": [
            0,
            0,
            0,
            1
        ],
        "glow_DIS": [
            0,
            0,
            0,
            1
        ],
        "_Glow": [
            255,
            255,
            255,
            0,
            0,
            0,
            0
        ],
        "_Shadow": [
            0,
            0,
            0,
            0.2,
            0,
            4,
            12
        ],
        "_Stroke": [
            255,
            255,
            255,
            0.1,
            1,
            0
        ],
        "shadowClip": "c_shadowOutside"
    },
    "dialog": {
        "_ON": [
            140,
            56,
            56,
            0.95
        ],
        "_OFF": [
            114,
            69,
            69,
            0.95
        ],
        "_DIS": [
            126,
            75,
            75,
            0.95
        ],
        "corners": [
            2,
            2,
            2,
            2
        ],
        "shadow": [
            0,
            2,
            4,
            "rgba(0,0,0,0.4)"
        ],
        "shadow_ON": [
            0,
            0,
            0,
            0.3973158243774425
        ],
        "shadow_OFF": [
            49,
            52,
            57,
            0.5219788246671362
        ],
        "shadow_DIS": [
            0,
            0,
            0,
            0.2987170590063506
        ],
        "strokeDisabled": [
            1,
            1,
            "rgba(255,255,255,0.1)"
        ],
        "stroke_ON": [
            0,
            0,
            0,
            1
        ],
        "stroke_OFF": [
            0,
            0,
            0,
            1
        ],
        "stroke_DIS": [
            0,
            0,
            0,
            1
        ],
        "glowDisabled": [
            0,
            0,
            0,
            "rgba(255,255,255,0)"
        ],
        "glow_ON": [
            0,
            0,
            0,
            1
        ],
        "glow_OFF": [
            0,
            0,
            0,
            1
        ],
        "glow_DIS": [
            0,
            0,
            0,
            1
        ],
        "_Glow": [
            255,
            255,
            255,
            0,
            0,
            0,
            0
        ],
        "_Shadow": [
            0,
            0,
            0,
            0.4,
            0,
            8,
            24
        ],
        "_Stroke": [
            255,
            255,
            255,
            0.1,
            1,
            1
        ],
        "shadowClip": "c_shadowInside"
    },
    "panel": {
        "_ON": [
            90,
            90,
            90,
            1
        ],
        "_OFF": [
            101,
            101,
            101,
            1
        ],
        "_DIS": [
            25,
            25,
            25,
            0.14620243441800782
        ],
        "corners": [
            4,
            4,
            4,
            4
        ],
        "shadow": [
            0,
            2,
            4,
            "rgba(0,0,0,0.2)"
        ],
        "shadowDisabled": [
            0,
            2,
            6,
            "rgba(0,0,0,0.2)"
        ],
        "shadow_ON": [
            0,
            0,
            0,
            1
        ],
        "shadow_OFF": [
            0,
            0,
            0,
            0.5015199910491934
        ],
        "shadow_DIS": [
            0,
            0,
            0,
            0.05797028380063858
        ],
        "strokeDisabled": [
            1,
            0,
            "rgba(255,255,255,0.08)"
        ],
        "stroke_ON": [
            0,
            0,
            0,
            1
        ],
        "stroke_OFF": [
            0,
            0,
            0,
            1
        ],
        "stroke_DIS": [
            0,
            0,
            0,
            1
        ],