{
    "_layout": [
        4,
        4,
        2,
        2,
        4,
        4,
        4,
        4
    ],
    "canvas": {
        "_ON": [
            127,
            127,
            127,
            1
        ],
        "_OFF": [
            104,
            104,
            104,
            1
        ],
        "_DIS": [
            108,
            108,
            127,
            0.2980253069739802
        ],
        "corners": [
            6,
            6,
            6,
            6
        ],
        "shadow": [
            0,
            2,
            8,
            "rgba(0,0,0,0.5)"
        ],
        "shadowDisabled": [
            0,
            2,
            8,
            "rgba(0,0,0,0.5)"
        ],
        "shadow_ON": [
            0,
            0,
            0,
            1
        ],
        "shadow_OFF": [
            0,
            0,
            0,
            1
        ],
        "shadow_DIS": [
            0,
            0,
            0,
            0.19863488897243095
        ],
        "stroke": [
            1,
            2,
            "rgba(250,250,250,0.39)"
        ],
        "stroke_ON": [
            255,
            255,
            255,
            0.7000402950147944
        ],
        "stroke_OFF": [
            0,
            0,
            0,
            0
        ],
        "stroke_DIS": [
            0,
            0,
            0,
            0
        ],
        "glowDisabled": [
            0,
            0,
            20,
            "rgba(255,255,255,1)"
        ],
        "glow_ON": [
            0,
            0,
            0,
            1
        ],
        "glow_OFF": [
            0,
            0,
            0,
            1
        ],
        "glow_DIS": [
            0,
            0,
            0,
            1
        ],
        "_Glow": [
            255,
            255,
            255,
            1,
            0,
            0,
            20
        ],
        "_Shadow": [
            0,
            0,
            0,
            0.5,
            0,
            2,
            8
        ],
        "_Stroke": [
            250,
            250,
            250,
            0.39,
            1,
            2
        ],
        "glowClip": "c_glowOutside",
        "shadowClip": "c_shadowOutside"
    },
    "background": {
        "_ON": [
            45,
            45,
            45,
            0.8
        ],
        "_OFF": [
            35,
            35,
            35,
            0.7
        ],
        "_DIS": [
            20,
            20,
            20,
            0.3
        ],
        "corners": [
            4,
            4,
            4,
            4
        ],
        "shadow": [
            0,
            4,
            12,
            "rgba(0,0,0,0.2)"
        ],
        "shadowDisabled": [
            0,
            4,
            12,
            "rgba(0,0,0,0.2)"
        ],
        "stroke": [
            1,
            0,
            "rgba(255,255,255,0.1)"
        ],
        "strokeDisabled": [
            1,
            0,
            "rgba(255,255,255,0.1)"
        ],
        "glow": [
            0,
            0,
            0,
            "rgba(255,255,255,0)"
        ],
        "glowDisabled": [
            0,
            0,
            0,
            "rgba(255,255,255,0)"
        ],
        "_Glow": [
            255,
            255,
            255,
            0,
            0,
            0,
            0
        ],
        "_Shadow": [
            0,
            0,
            0,
            0.2,
            0,
            4,
            12
        ],
        "_Stroke": [
            255,
            255,
            255,
            0.1,
            1,
            0
        ],
        "shadowClip": "c_shadowOutside"
    },
    "dialog": {
        "_ON": [
            46,
            75,
            90,
            0.95
        ],
        "_OFF": [
            75,
            109,
            126,
            0.95
        ],
        "_DIS": [
            75,
            109,
            126,
            0.1457076079839258
        ],
        "corners": [
            5,
            5,
            5,
            5
        ],
        "shadow": [
            0,
            2,
            4,
            "rgba(0,0,0,0.4)"
        ],
        "shadow_ON": [
            0,
            0,
            0,
            0.3973158243774425
        ],
        "shadow_OFF": [
            49,
            52,
            57,
            0.5219788246671362
        ],
        "shadow_DIS": [
            0,
            0,
            0,
            0.2987170590063506
        ],
        "strokeDisabled": [
            1,
            1,
            "rgba(255,255,255,0.1)"
        ],
        "stroke_ON": [
            0,
            0,
            0,
            1
        ],
        "stroke_OFF": [
            0,
            0,
            0,
            1
        ],
        "stroke_DIS": [
            0,
            0,
            0,
            1
        ],
        "glowDisabled": [
            0,
            0,
            0,
            "rgba(255,255,255,0)"
        ],
        "glow_ON": [
            0,
            0,
            0,
            1
        ],
        "glow_OFF": [
            0,
            0,
            0,
            1
        ],
        "glow_DIS": [
            0,
            0,
            0,
            1
        ],
        "_Glow": [
            255,
            255,
            255,
            0,
            0,
            0,
            0
        ],
        "_Shadow": [
            0,
            0,
            0,
            0.4,
            0,
            8,
            24
        ],
        "_Stroke": [
            255,
            255,
            255,
            0.1,
            1,
            1
        ],
        "shadowClip": "c_shadowInside"
    },
    "panel": {
        "_ON": [
            35,
            35,
            35,
            1
        ],
        "_OFF": [
            30,
            30,
            30,
            1
        ],
        "_DIS": [
            25,
            25,
            25,
            1
        ],
        "corners": [
            4,
            4,
            4,
            4
        ],
        "shadow": [
            0,
            2,
            6,
            "rgba(0,0,0,0.2)"
        ],
        "shadowDisabled": [
            0,
            2,
            6,
            "rgba(0,0,0,0.2)"
        ],
        "shadow_ON": [
            0,
            0,
            0,
            1
        ],
        "shadow_OFF": [
            0,
            0,
            0,
            1
        ],
        "shadow_DIS": [
            0,
            0,
            0,
            0.05797028380063858
        ],
        "strokeDisabled": [
            1,
            0,
            "rgba(255,255,255,0.08)"
        ],
        "stroke_ON": [
            0,
            0,
            0,
            1
        ],
        "stroke_OFF": [
            0,
            0,
            0,
            1
        ],
        "stroke_DIS": [
            0,
            0,
            0,
            1
        ],
        "glowDisabled": [
            0,
            0,
            0,
            "rgba(255,255,255,0)"
        ],
        "glow_ON": [
            0,
            0,
            0,
            1
        ],
        "glow_OFF": [
            0,
            0,
            0,
            1
        ],
        "glow_DIS": [
            0,
            0,
            0,
            1
        ],
        "_Glow": [
            255,
            255,
            255,
            0,
            0,
            0,
            0
        ],
        "_Shadow": [
            0,
            0,
            0,
            0.2,
            0,
            2,
            6
        ],
        "_Stroke": [
            255,
            255,
            255,
            0.08,
            1,
            0
        ],