{
    "_layout": [
        4,
        4,
        2,
        2,
        2,
        2,
        14,
        14
    ],
    "_palette": "_system/Header_Neutral_v01",
    "systemMessage_background": {
        "_ON": [
            26,
            26,
            26,
            0.7501663100277931
        ],
        "_OFF": [
            35,
            64,
            54,
            0.8483171258209606
        ],
        "_DIS": [
            39,
            39,
            39,
            0.6045017715570896
        ],
        "corners": [
            10,
            10,
            10,
            10
        ],
        "shadow": [
            0,
            2,
            12,
            "rgba(0,0,0,0.5)"
        ],
        "shadow_ON": [
            0,
            0,
            0,
            0.050789390032847104
        ],
        "shadow_OFF": [
            0,
            0,
            0,
            0.4951287053571429
        ],
        "shadow_DIS": [
            0,
            0,
            0,
            0.1
        ],
        "stroke": [
            1,
            1,
            "rgba(250,250,250,0.39)"
        ],
        "stroke_ON": [
            0,
            0,
            0,
            0.050789390032847104
        ],
        "stroke_OFF": [
            70,
            128,
            85,
            0.8501852379499611
        ],
        "stroke_DIS": [
            0,
            0,
            0,
            0
        ],
        "glowDisabled": [
            0,
            0,
            20,
            "rgba(255,255,255,1)"
        ],
        "glow_ON": [
            255,
            255,
            255,
            0.3502848785465891
        ],
        "glow_OFF": [
            255,
            255,
            255,
            1
        ],
        "glow_DIS": [
            0,
            0,
            0,
            0
        ],
        "_Glow": [
            255,
            255,
            255,
            1,
            0,
            0,
            20
        ],
        "_Shadow": [
            0,
            0,
            0,
            0.5,
            0,
            2,
            8
        ],
        "_Stroke": [
            250,
            250,
            250,
            0.39,
            1,
            2
        ],
        "glowClip": "c_glowOutside",
        "shadowClip": "c_shadowOutside"
    },
    "systemMessage_background_critical": {
        "_ON": [
            26,
            26,
            26,
            0.7501663100277931
        ],
        "_OFF": [
            89,
            31,
            31,
            0.8483171258209606
        ],
        "_DIS": [
            39,
            39,
            39,
            0.6045017715570896
        ],
        "corners": [
            10,
            10,
            10,
            10
        ],
        "shadow": [
            0,
            2,
            12,
            "rgba(0,0,0,0.5)"
        ],
        "shadow_ON": [
            0,
            0,
            0,
            0.050789390032847104
        ],
        "shadow_OFF": [
            0,
            0,
            0,
            0.4951287053571429
        ],
        "shadow_DIS": [
            0,
            0,
            0,
            0.1
        ],
        "stroke": [
            1,
            1,
            "rgba(250,250,250,0.39)"
        ],
        "stroke_ON": [
            0,
            0,
            0,
            0.050789390032847104
        ],
        "stroke_OFF": [
            102,
            59,
            59,
            0.906884945978015
        ],
        "stroke_DIS": [
            0,
            0,
            0,
            0
        ],
        "glow": [
            0,
            0,
            20,
            "rgba(255,255,255,1)"
        ],
        "glow_ON": [
            255,
            255,
            255,
            0.3502848785465891
        ],
        "glow_OFF": [
            255,
            108,
            108,
            0.2993413701662854
        ],
        "glow_DIS": [
            0,
            0,
            0,
            0
        ],
        "_Glow": [
            255,
            255,
            255,
            1,
            0,
            0,
            20
        ],
        "_Shadow": [
            0,
            0,
            0,
            0.5,
            0,
            2,
            8
        ],
        "_Stroke": [
            250,
            250,
            250,
            0.39,
            1,
            2
        ],
        "glowClip": "c_glowOutside",
        "shadowClip": "c_shadowOutside"
    },
    "systemMessage_background_warning": {
        "_ON": [
            26,
            26,
            26,
            0.7501663100277931
        ],
        "_OFF": [
            89,
            69,
            38,
            0.8483171258209606
        ],
        "_DIS": [
            39,
            39,
            39,
            0.6045017715570896
        ],
        "corners": [
            10,
            10,
            10,
            10
        ],
        "shadow": [
            0,
            2,
            12,
            "rgba(0,0,0,0.5)"
        ],
        "shadow_ON": [
            0,
            0,
            0,
            0.050789390032847104
        ],
        "shadow_OFF": [
            0,
            0,
            0,
            0.4951287053571429
        ],
        "shadow_DIS": [
            0,
            0,
            0,
            0.1
        ],
        "stroke": [
            1,
            1,
            "rgba(250,250,250,0.39)"
        ],
        "stroke_ON": [
            0,
            0,
            0,
            0.050789390032847104
        ],
        "stroke_OFF": [
            102,
            81,
            59,
            0.906884945978015
        ],
        "stroke_DIS": [
            0,
            0,
            0,
            0
        ],
        "glowDisabled": [
            0,
            0,
            20,
            "rgba(255,255,255,1)"
        ],
        "glow_ON": [
            255,
            255,
            255,
            0.3502848785465891
        ],
        "glow_OFF": [
            255,
            255,
            255,
            1
        ],
        "glow_DIS": [
            0,
            0,
            0,
            0
        ],
        "_Glow": [
            255,
            255,
            255,
            1,
            0,
            0,
            20
        ],
        "_Shadow": [
            0,
            0,
            0,
            0.5,
            0,
            2,
            8
        ],
        "_Stroke": [
            250,
            250,
            250,
            0.39,
            1,
            2
        ],
        "glowClip": "c_glowOutside",
        "shadowClip": "c_shadowOutside"
    },
    "t_systemTextAccent": {
        "font": "Arial",
        "fontSize": 24,
        "_ON": [
            255,
            255,
            255,
            1
        ],
        "_OFF": [
            77,
            193,
            97,
            1
        ],
        "_DIS": [
            255,
            255,
            255,
            0.25377353435550143
        ],
        "shadow": [
            0,
            0,
            4,
            "rgba(0,0,0,0.5)"
        ],
        "shadow_ON": [
            0,
            0,
            0,
            0.4994269990083008
        ],
        "shadow_OFF": [
            0,
            0,
            0,
            0
        ],